date,chart_no,host,index,side,call_time,entry_touched_at,matched_strike,model_fit_error,entry,sl_pts,targets,he_said,he_said_pts,real_contract_day_high,real_contract_day_low,max_gain_after_entry,max_drawdown_before_peak,market_check,follower_exit,follower_R
2026-10-01,1,Main,SENSEX,CE,09:25,09:23,72200,0.06,264-268,32,351 / 408,WIN,90,436.5,0.05,175,25,Matches market: gain reached before his stop,First target hit,2.72
2026-10-01,2,Main,SENSEX,CE,10:08,10:10,72200,0.06,366,40,385 / 485,LOSS,-25,436.5,0.05,27,-5,Loss confirmed,First target hit,0.47
2026-10-01,3,Main,SENSEX,PE,11:00,11:05,72600,0.04,383 / 365-368,15-29,426 / 509,WIN,60,1264.95,224.1,927,27,"Gain came, but his stop was hit first",Stopped,-1.0
2026-10-01,4,Main,SENSEX,PE,11:30,,72300,0.08,157,15,-,LOSS,-15,970.0,99.15,,,His entry price never traded (per model),,
2026-10-01,5,Main,SENSEX,PE,11:35,,,,315,15,354,WIN,35,,,,,No strike matched his price,,
2026-10-01,6,Main,SENSEX,JORI,12:27,,,,240 combined,100,+150 combined,WIN,75,,,,,"Not checkable (no time, price, or a strangle)",,
2026-10-01,7,Main,SENSEX,CE,13:18,,,,303,55,424 / 605,WIN,80,,,,,No strike matched his price,,
2026-10-01,8,Main,SENSEX,JORI,14:30,,,,~240 combined,-,-,UNCLEAR,,,,,,"Not checkable (no time, price, or a strangle)",,
2026-09-30,1,Main,SENSEX,CE,09:18,09:20,72900,0.5,321-324,25-28,376 / 426,SCRATCH,5,427.75,87.1,84,93,No stated result; stop hit first,Stopped,-1.0
2026-09-30,2,Main,SENSEX,CE,10:07,10:05,72900,0.5,346-354,25-30,376 / 557,WIN,55,427.75,87.1,59,118,Matches market: gain reached before his stop,First target hit,1.2
2026-09-30,3,Main,SENSEX,PE,10:16,10:14,73000,0.22,~335,25,359-361 / 414,WIN,40,717.05,223.65,328,130,"Gain came, but his stop was hit first",Stopped,-1.0
2026-09-30,4,Main,SENSEX,CE,10:40,10:37,72800,0.44,333-334,35,414,UNCLEAR,,494.2,109.25,134,66,No stated result; stop hit first,Stopped,-1.0
2026-09-30,5,Main,SENSEX,CE,11:50,11:56,72800,0.44,340,30,414,WIN,60,494.2,109.25,127,46,"Gain came, but his stop was hit first",Stopped,-1.0
2026-09-30,6,Main,SENSEX,CE,13:01,13:20,72800,0.44,375,25,455 / 488,WIN,90,494.2,109.25,24,2,Claimed gain not reached,Stopped,-1.0
2026-09-30,7,Main,SENSEX,PE,14:00,14:12,73000,0.22,362-368 / 433-436,25-30,484 / higher,WIN,80,717.05,223.65,301,0,Matches market: gain reached before his stop,First target hit,4.88
2026-09-30,8,Main,NIFTY,PE,14:00,14:15,22700,0.42,149-153,-,255,WIN,100,186.5,78.8,64,1,Claimed gain not reached,,
2026-09-29,1,Main,NIFTY,PE,09:20,,,,170,22,194,SKIPPED,,,,,,"Not checkable (no time, price, or a strangle)",,
2026-09-29,2,Main,NIFTY,PE,09:28,09:35,22800,0.1,200,15-24,206 / 238 / 267,WIN,60,233.0,76.5,33,21,Claimed gain not reached,First target hit,0.4
2026-09-29,3,Main,NIFTY,CE,09:54,10:43,22550,0.14,103,8,130 / 155,WIN,12,224.85,64.3,117,9,"Gain came, but his stop was hit first",Stopped,-1.0
2026-09-29,4,Main,NIFTY,CE,11:30,,,,-,-,-,LOSS,-12,,,,,"Not checkable (no time, price, or a strangle)",,
2026-09-29,5,Main,NIFTY,CE,11:32,12:32,22600,0.25,127,15,149,WIN,22,199.85,26.3,45,3,Matches market: gain reached before his stop,First target hit,1.47
2026-09-29,,Telegram,NIFTY,CE,,,,,129-133,17,T1/T2/T3,WIN,130,,,,,"Not checkable (no time, price, or a strangle)",,
2026-09-29,,Telegram,NIFTY,PE,,,,,-,15,-,LOSS,-15,,,,,"Not checkable (no time, price, or a strangle)",,
2026-09-29,6,Associate,NIFTY,CE,13:00,,,,various,10,-,WIN,15,,,,,"Not checkable (no time, price, or a strangle)",,
2026-09-28,1,Main,NIFTY,PE,09:20,09:28,23050,0.32,166,17,198 / 224 / 248,WIN,55,281.15,61.5,122,4,Matches market: gain reached before his stop,First target hit,1.88
2026-09-28,2,Main,NIFTY,CE,09:46,10:17,22750,0.23,129,5,137 / 156,UNCLEAR,,333.25,105.35,34,17,No stated result; stop hit first,Stopped,-1.0
2026-09-28,3,Main,NIFTY,PE,10:15,10:41,22950,0.22,142-149,8-10,182-183,WIN,40,195.65,30.1,46,36,"Gain came, but his stop was hit first",Stopped,-1.0
2026-09-28,4,Main,NIFTY,CE,11:53,11:56,22750,0.23,~128-154,-,primary,WIN,13,333.25,105.35,35,4,Matches market: gain reached before his stop,,
2026-09-28,5,Main,NIFTY,CE,12:30,13:08,22750,0.23,134,5,141 / 158,WIN,15,333.25,105.35,29,1,Matches market: gain reached before his stop,First target hit,1.4
2026-09-28,6,Main,NIFTY,PE,13:03,13:11,23000,0.17,164-167,6,182 / 208 / 264,WIN,45,237.6,46.1,74,13,"Gain came, but his stop was hit first",Stopped,-1.0
2026-09-25,1,Associate,NIFTY,PE,09:45,,,,-,-,-,LOSS,-12,,,,,"Not checkable (no time, price, or a strangle)",,
2026-09-25,2,Associate,NIFTY,CE,10:15,10:32,23100,0.47,144,10,152-155,WIN,12,198.35,88.65,44,27,"Gain came, but his stop was hit first",Stopped,-1.0
2026-09-25,3,Associate,NIFTY,CE,11:00,,,,various,-,-,SCRATCH,0,,,,,"Not checkable (no time, price, or a strangle)",,
2026-09-25,4,Associate,NIFTY,PE,13:45,13:56,23200,0.35,146,6,-,LOSS,-5,193.95,83.65,6,0,Loss confirmed,Stopped,-1.0
2026-09-25,5,Associate,NIFTY,CE,14:00,,,,-,-,-,WIN,30,,,,,"Not checkable (no time, price, or a strangle)",,
2026-09-25,,Telegram,NIFTY,CE,,,,,147,15,-,LOSS,-15,,,,,"Not checkable (no time, price, or a strangle)",,
2026-09-25,,Telegram,NIFTY,CE,,,,,158-162,15,-,WIN,115,,,,,"Not checkable (no time, price, or a strangle)",,
2026-09-24,1,Associate,SENSEX,PE,10:30,10:25,74400,0.25,~324,-,374,WIN,50,835.7,110.65,629,158,Matches market: gain reached before his stop,,
2026-09-24,2,Associate,SENSEX,PE,12:14,,74400,0.25,290,-,-,UNCLEAR,,835.7,110.65,,,His entry price never traded (per model),,
2026-09-24,3,Main,SENSEX,CE,13:45,13:58,73900,0.03,228-230,35-40,260 / 278,UNCLEAR,,630.3,0.05,46,13,No stated result; stop hit first,First target hit,0.91
2026-09-23,1,Main,SENSEX,CE,09:21,09:16,74500,0.16,355-356,30,393 / 433 / 523,LOSS,-27,546.5,300.6,210,31,He called it a loss; market reached 2R first,First target hit,1.27
2026-09-23,2,Main,SENSEX,CE,09:33,09:28,74600,0.2,300,26,365,LOSS,-22,468.0,244.85,189,30,Loss confirmed,Stopped,-1.0
2026-09-23,3,Main,SENSEX,PE,10:02,10:11,74700,0.31,283-285,15,distribution,WIN,25,294.85,114.4,10,1,Claimed gain not reached,Stopped,-1.0
2026-09-23,4,Main,SENSEX/NIFTY,CE,10:22,10:39,74700,0.29,315-325,50,367 / 433 (Nifty 161),WIN,45,394.95,195.3,104,9,Matches market: gain reached before his stop,First target hit,1.04
2026-09-23,5,Main,SENSEX,PE,11:57,11:52,75000,0.22,321,14,-,LOSS,-14,479.85,237.6,50,65,Loss confirmed,Stopped,-1.0
2026-09-23,6,Main,SENSEX,PE,12:48,12:48,74900,0.27,240-247,8-10,277,WIN,25,406.3,187.15,68,22,"Gain came, but his stop was hit first",Stopped,-1.0
2026-09-22,1,Main,NIFTY,CE,09:22,09:42,23300,0.1,157-158,13,173 / 179,LOSS,-13,190.85,25.3,14,7,Loss confirmed,Stopped,-1.0
2026-09-22,2,Main,NIFTY,CE,09:46,09:43,23300,0.1,159-160,7,179,SCRATCH,5,190.85,25.3,12,9,No stated result; stop hit first,Stopped,-1.0
2026-09-22,3,Main,NIFTY,CE,11:00,11:03,23250,0.03,133 / 105,8-11,124-148,WIN,9,236.85,58.85,29,2,Matches market: gain reached before his stop,First target hit,1.88
2026-09-22,4,Main,NIFTY,JORI,11:34,,,,66 combined,23,+20-30,WIN,30,,,,,"Not checkable (no time, price, or a strangle)",,
2026-09-22,5,Main,NIFTY,PE,12:40,12:36,23500,0.07,172 / 103-130,10,182 / 199,WIN,55,225.95,54.4,54,3,Matches market: gain reached before his stop,First target hit,1.0
2026-09-22,6,Main,NIFTY,CE,14:34,14:41,23400,0.05,58,12,85-86,UNCLEAR,,104.45,0.05,1,8,No stated result; stop hit first,Stopped,-1.0
2026-09-21,1,Main,NIFTY,CE,09:32,10:15,23250,0.15,160-173,6-14,183 / 202,SCRATCH,5,231.9,137.55,72,12,No stated result; stop hit first,Stopped,-1.0
2026-09-21,2,Main,NIFTY,PE,10:06,10:15,23500,0.19,140-142,5,165-166,WIN,11,184.8,83.75,13,8,"Gain came, but his stop was hit first",Stopped,-1.0
2026-09-21,3,Main,NIFTY,CE/PE,11:45,,,,134-136,5,148 / 158,SCRATCH,3,,,,,"Not checkable (no time, price, or a strangle)",,
2026-09-21,,Telegram,NIFTY,CE,,,,,158-162,-,T2 ~193,WIN,30,,,,,"Not checkable (no time, price, or a strangle)",,
2026-09-18,1,Main,NIFTY,PE,09:23,09:20,23400,0.51,~145,6,169 / 187,WIN,15,168.3,93.0,32,16,"Gain came, but his stop was hit first",Stopped,-1.0
2026-09-18,2,Main,NIFTY,CE,09:52,09:57,23300,0.53,124-129,6-8,136 / 156,LOSS,-6,149.0,99.15,-3,7,Loss confirmed,Stopped,-1.0
2026-09-18,3,Main,NIFTY,PE,10:43,10:52,23400,0.51,150-156,8,166 / 179,SCRATCH,-2,168.3,93.0,27,2,No stated result; 2R reached first,First target hit,2.0
2026-09-18,4,Main,NIFTY,CE/PE,12:45,,,,140-143,4,152-158,WIN,9,,,,,"Not checkable (no time, price, or a strangle)",,
2026-09-17,1,Main,SENSEX,PE,09:24,09:22,74500,0.18,292-293,12,335 / 404 / 415,WIN,45,475.85,20.0,133,97,"Gain came, but his stop was hit first",Stopped,-1.0
2026-09-17,2,Main,SENSEX,PE,09:50,10:11,74600,0.15,381-430,25,533,WIN,100,550.15,81.0,229,11,Matches market: gain reached before his stop,First target hit,6.08
2026-09-17,3,Main,SENSEX,PE,10:49,10:52,74300,0.05,212-230,20,291,WIN,65,333.4,0.05,97,12,Matches market: gain reached before his stop,First target hit,3.95
2026-09-17,4,Main,SENSEX,CE,11:36,11:45,74200,0.03,325,17,385 / 414,WIN,70,524.9,112.0,196,29,"Gain came, but his stop was hit first",Stopped,-1.0
2026-09-17,5,Main,SENSEX,PE,12:08,12:17,74400,0.23,182-183,-,224 / 280,UNCLEAR,,402.0,3.0,120,19,No stated result; no stop given,,
2026-09-17,6,Main,SENSEX,CE,13:14,13:27,74200,0.03,305,30,373 / 480,WIN,85,524.9,112.0,88,188,"Gain came, but his stop was hit first",Stopped,-1.0
2026-09-17,7,Main,SENSEX,JORI,13:47,,,,240 combined,110,+150-200,WIN,45,,,,,"Not checkable (no time, price, or a strangle)",,
2026-09-17,8,Main,SENSEX,JORI,14:30,,,,~245 combined,110,+150,LOSS,-110,,,,,"Not checkable (no time, price, or a strangle)",,
2026-09-16,1,Main,SENSEX,PE,09:30,09:40,74000,0.33,310,35,365 / 408-410,WIN,55,329.5,137.05,43,4,Claimed gain not reached,Stopped,-1.0
2026-09-16,2,Main,SENSEX,CE,09:39,09:41,74100,0.21,324-325,30,~395,LOSS,-30,600.9,305.6,235,36,Loss confirmed,Stopped,-1.0
2026-09-16,3,Main,SENSEX,CE,09:59,09:55,74400,0.19,320,27,446,WIN,65,400.0,184.0,51,90,Claimed gain not reached,Stopped,-1.0
2026-09-16,4,Main,SENSEX,CE,10:52,10:49,74300,0.22,410,30,465 / 499,LOSS,-10,462.75,219.45,19,50,Loss confirmed,Stopped,-1.0
2026-09-16,5,Associate,SENSEX,CE/PE,12:14,,,,370 / 315 / 325,-,-,SCRATCH,0,,,,,"Not checkable (no time, price, or a strangle)",,
2026-09-15,1,Main,NIFTY,PE,09:23,09:18,23650,0.13,172,12,200 / 235 / 256 / 309,WIN,80,551.8,114.0,359,6,Matches market: gain reached before his stop,First target hit,2.33
2026-09-15,2,Main,NIFTY,PE,09:43,09:52,23600,0.11,200-213,10,235,WIN,25,504.8,81.8,281,7,Matches market: gain reached before his stop,First target hit,3.5
2026-09-15,3,Main,NIFTY,PE,10:15,10:28,23400,0.23,152,9,187,WIN,25,306.7,16.35,151,-4,Matches market: gain reached before his stop,First target hit,3.89
2026-09-15,4,Main,NIFTY,CE,11:07,11:14,23400,0.09,118-124,15,139-163,LOSS,-15,182.0,0.05,42,10,He called it a loss; market reached 2R first,First target hit,1.4
2026-09-15,5,Main,NIFTY,PE,12:36,,23350,0.21,190,10,202+,WIN,20,255.6,10.4,,,His entry price never traded (per model),,
2026-09-11,1,Main,NIFTY,CE,09:28,09:25,23150,0.29,178-181,9,209-210,LOSS,-10,352.75,163.55,168,15,Loss confirmed,Stopped,-1.0
2026-09-11,2,Main,NIFTY,CE,10:14,10:22,23200,0.16,182-190,12,210 / 244,WIN,22,309.15,132.0,124,23,"Gain came, but his stop was hit first",Stopped,-1.0
2026-09-11,3,Main,NIFTY,CE,10:50,11:12,23300,0.26,128,8-10,139 / 155,SCRATCH,0,228.0,80.05,106,-3,No stated result; 2R reached first,First target hit,1.38
2026-09-11,4,Main,NIFTY,CE,11:38,12:12,23150,0.29,245-250,8,268 / 294,WIN,18,352.75,163.55,101,5,Matches market: gain reached before his stop,First target hit,2.88
2026-09-11,5,Main,NIFTY,PE,12:01,11:59,23500,0.56,161,10,196 / 227,UNCLEAR,,277.65,108.65,25,16,No stated result; 2R reached first,Stopped,-1.0
2026-09-11,6,Associate,NIFTY,CE,13:02,13:29,23350,0.3,142 / 128,10,-,SCRATCH,2,190.8,52.85,60,19,No stated result; stop hit first,Stopped,-1.0
2026-09-10,1,Associate,SENSEX,CE,10:26,,,,~218,-,SD levels,WIN,15,,,,,No strike matched his price,,
2026-09-10,2,Associate,SENSEX,CE,10:57,,,,~255,-,70,WIN,55,,,,,No strike matched his price,,
2026-09-10,3,Associate,SENSEX,CE,11:29,,,,~239,-,-,WIN,14,,,,,No strike matched his price,,
2026-09-10,4,Associate,SENSEX,CE,12:00,,,,-,-,50,SCRATCH,0,,,,,"Not checkable (no time, price, or a strangle)",,
2026-09-08,1,Main,NIFTY,PE,09:27,,23850,0.1,160-162,7,178 / 184,WIN,10,295.2,113.3,,,His entry price never traded (per model),,
2026-09-08,2,Main,NIFTY,PE,09:47,09:57,23800,0.16,157-159,5,178,WIN,10,245.95,75.0,85,21,Matches market: gain reached before his stop,Stopped,-1.0
2026-09-08,3,Main,NIFTY,PE,10:06,10:15,23850,0.1,180,8,198-199 / 209,WIN,16,295.2,113.3,114,-4,Matches market: gain reached before his stop,First target hit,2.25
2026-09-08,4,Main,NIFTY,CE,10:40,,,,141-145,6,154 / 173,SCRATCH,0,,,,,No strike matched his price,,
2026-09-08,5,Main,NIFTY,PE,11:30,11:33,23700,0.29,~121 / 173,6,182 / 198,WIN,45,145.95,30.0,29,4,Claimed gain not reached,Stopped,-1.0
2026-09-07,1,Main,NIFTY,PE,09:28,09:54,24000,0.28,178,15,204-205,SCRATCH,-5,230.5,120.0,84,4,No stated result; 2R reached first,First target hit,1.73
2026-09-07,2,Main,NIFTY,CE,10:00,,23750,0.18,135-138,8,179-183,WIN,15,184.95,78.35,,,His entry price never traded (per model),,
2026-09-07,3,Main,NIFTY,CE,11:20,,23700,0.16,152-155,6,181-182,WIN,13,232.8,110.35,,,His entry price never traded (per model),,
2026-09-07,4,Main,NIFTY,CE,12:15,,23750,0.18,107-110,7,124 / 138,WIN,15,184.95,78.35,,,His entry price never traded (per model),,
2026-09-04,1,Main,NIFTY,CE,09:40,09:51,23900,0.25,136,6,149 / 168,WIN,18,180.5,112.0,56,0,Matches market: gain reached before his stop,First target hit,2.17
2026-09-04,2,Main,NIFTY,PE,09:59,10:28,24050,0.24,134,5,145 / 156,SCRATCH,-3,170.4,108.0,18,36,No stated result; stop hit first,Stopped,-1.0
2026-09-04,3,Main,NIFTY,CE,11:16,11:28,23950,0.38,150-157,6-8,168 / 204,WIN,15,146.0,84.15,11,4,Claimed gain not reached,Stopped,-1.0
2026-09-03,1,Main,SENSEX,CE,09:31,09:40,76600,0.16,286-303,15-28,376 / 383,WIN,55,368.9,0.05,86,55,Matches market: gain reached before his stop,Stopped,-1.0
2026-09-03,2,Main,SENSEX,PE,09:57,,,,371-372,15,405-410,SCRATCH,5,,,,,No strike matched his price,,
2026-09-03,3,Main,SENSEX,CE,10:10,10:05,76500,0.11,368-377,15,~397,WIN,20,455.0,0.05,92,62,Target and stop in the same minute,Stopped,-1.0
2026-09-03,4,Main,SENSEX,PE,11:15,,,,480,30,-,UNCLEAR,,,,,,No strike matched his price,,
2026-09-03,5,Main,SENSEX,CE,12:45,12:50,76800,0.13,194,14,236 / 320,WIN,35,220.0,0.05,11,26,Claimed gain not reached,Stopped,-1.0
2026-09-02,,Telegram,SENSEX,CE,,,,,282-292,-,383,WIN,95,,,,,"Not checkable (no time, price, or a strangle)",,
2026-08-25,1,Main,NIFTY,CE,09:25,09:40,24100,0.09,120-121,8,~150,LOSS,-9,236.0,46.0,115,76,Loss confirmed,Stopped,-1.0
2026-08-25,2,Main,SENSEX,CE,09:41,09:45,77300,0.41,345,31,380 / 418,UNCLEAR,,688.5,242.9,236,61,No stated result; stop hit first,Stopped,-1.0
2026-08-25,3,Main,NIFTY,CE,10:10,10:05,24000,0.01,163-164,9,183,LOSS,-9,335.0,134.0,172,30,Loss confirmed,Stopped,-1.0
2026-08-25,4,Main,NIFTY,PE,10:32,10:45,24300,0.18,152-160,8-12,-,UNCLEAR,,170.0,0.05,26,42,No stated result; stop hit first,Stopped,-1.0
2026-08-25,5,Main,NIFTY,CE,12:00,,24050,0.02,163-175,8,187 / 198,WIN,25,285.4,87.15,,,His entry price never traded (per model),,
2026-08-21,1,Main,NIFTY,PE,09:20,,,,-,9,-,SKIPPED,,,,,,"Not checkable (no time, price, or a strangle)",,
2026-08-21,2,Main,NIFTY,CE,09:46,10:05,24200,0.29,136-141,6,164-166,LOSS,-6,179.95,120.9,52,3,He exited early; stop not hit,First target hit,4.67
2026-08-21,3,Main,SENSEX,CE,11:30,11:40,77800,0.46,424-428,-,450,WIN,12,478.6,306.35,89,11,Matches market: gain reached before his stop,,
2026-08-21,4,Main,NIFTY,CE,12:45,13:05,24250,0.5,138-143,5,153 / 164,WIN,10,132.2,91.55,23,2,Matches market: gain reached before his stop,First target hit,3.0
2026-08-21,5,Main,NIFTY/SENSEX,PE,13:30,,24400,0.2,139 / 415-420,-,164 / 461,WIN,30,177.6,127.65,,,His entry price never traded (per model),,
2026-08-20,1,Main,SENSEX,PE,12:30,,77700,0.06,340-354,15-26,422,WIN,40,431.1,135.05,,,His entry price never traded (per model),,
2026-08-20,2,Main,SENSEX,CE,13:32,13:35,77400,0.33,285,20,310 / 368,WIN,20,249.8,75.55,27,11,Matches market: gain reached before his stop,First target hit,1.25
2026-08-20,3,Main,SENSEX,JORI,13:30,,,,~1800 Rs combined,-,-,SCRATCH,0,,,,,"Not checkable (no time, price, or a strangle)",,
2026-08-18,1,Main,NIFTY,PE,09:18,09:15,24400,0.25,148,10,169,WIN,22,269.55,120.0,123,18,Matches market: gain reached before his stop,First target hit,2.1
2026-08-18,2,Main,NIFTY,PE,09:42,09:40,24400,0.25,173-174,7,196,WIN,20,269.55,120.0,98,12,"Gain came, but his stop was hit first",Stopped,-1.0
2026-08-18,3,Main,NIFTY,PE,10:53,11:20,24350,0.11,197-198,10,219 / 232,WIN,10,219.95,95.85,26,5,Matches market: gain reached before his stop,First target hit,2.2
2026-08-18,4,Main,NIFTY,CE,11:58,11:55,24100,0.56,112-115,7,139,WIN,10,196.0,33.3,19,30,Matches market: gain reached before his stop,Stopped,-1.0
2026-08-18,5,Main,NIFTY,JORI,12:44,,,,39 combined,20,+25-30,UNCLEAR,,,,,,"Not checkable (no time, price, or a strangle)",,
2026-08-07,1,Main,NIFTY,CE/PE,09:26,,,,177,7,189,LOSS,-7,,,,,"Not checkable (no time, price, or a strangle)",,
2026-08-07,2,Main,NIFTY,CE/PE,10:01,,,,212-216,8,234-239,SCRATCH,0,,,,,"Not checkable (no time, price, or a strangle)",,
2026-08-07,3,Main,NIFTY,PE,10:32,10:35,24700,0.35,179,6,189,WIN,10,212.45,152.0,61,6,Matches market: gain reached before his stop,First target hit,1.67
2026-08-07,4,Main,NIFTY,PE,11:30,11:25,24750,0.25,185-186,6,208,UNCLEAR,,248.65,176.7,42,25,No stated result; stop hit first,Stopped,-1.0
2026-08-07,5,Main,NIFTY,PE,12:30,12:35,24750,0.25,191-200,10,224 / 244,UNCLEAR,,248.65,176.7,36,31,No stated result; stop hit first,Stopped,-1.0
2026-08-06,1,Main,SENSEX,PE,09:26,09:30,78800,0.05,307,30,359 / 429,WIN,60,402.7,0.05,96,19,Matches market: gain reached before his stop,First target hit,1.73
2026-08-06,2,Main,SENSEX,CE,11:15,,,,-,-,all targets,WIN,40,,,,,"Not checkable (no time, price, or a strangle)",,
2026-08-06,3,Main,SENSEX,CE,12:00,,,,320,12,364,WIN,40,,,,,No strike matched his price,,
2026-08-06,,Telegram,SENSEX,PE,,,,,422,-,478,WIN,50,,,,,"Not checkable (no time, price, or a strangle)",,
2026-08-05,1,Main,SENSEX,CE,09:35,09:30,78800,0.51,280,15,312-314,SCRATCH,5,395.0,103.65,63,86,No stated result; stop hit first,Stopped,-1.0
2026-08-05,2,Main,SENSEX,PE,10:00,10:00,79000,0.46,~450,22,499,WIN,45,795.0,234.95,390,95,"Gain came, but his stop was hit first",Stopped,-1.0
2026-08-05,3,Main,SENSEX,PE,10:45,,,,-,-,-,WIN,70,,,,,"Not checkable (no time, price, or a strangle)",,
2026-08-05,4,Main,SENSEX,PE,12:15,,,,237,22,296 / 365,WIN,75,,,,,No strike matched his price,,
2026-08-05,5,Main,SENSEX,PE,14:15,,,,444,20,546,WIN,50,,,,,No strike matched his price,,
