index,day,opened,closed,setup,side,entry,stop,target,exit,reason,points,net_rs_1_lot
nifty,2026-09-04,10:09,10:30,BOS,SELL,23945.9,23965.9,23915.9,23965.9,SL,-20.0,-780
nifty,2026-09-04,10:34,11:21,BOS,SELL,23959.9,23979.9,23929.9,23979.9,SL,-20.0,-780
nifty,2026-09-07,09:36,09:54,BOS,BUY,23842.7,23822.7,23872.7,23822.7,SL,-20.0,-780
nifty,2026-09-07,10:03,10:16,BOS,BUY,23822.6,23802.6,23852.6,23802.6,SL,-20.0,-780
nifty,2026-09-08,09:35,10:03,BOS,BUY,23682.0,23662.0,23712.0,23662.0,SL,-20.0,-780
nifty,2026-09-08,10:07,10:14,BOS,BUY,23678.3,23658.3,23708.3,23708.3,TP,30.0,845
nifty,2026-09-09,10:12,10:18,BOS,BUY,23479.8,23459.8,23509.8,23509.8,TP,30.0,845
nifty,2026-09-10,09:15,09:22,CONT,BUY,23460.2,23420.2,23520.2,23420.2,SL,-40.0,-1430
nifty,2026-09-10,10:15,10:45,BOS,BUY,23419.9,23399.9,23449.9,23449.9,TP,30.0,845
nifty,2026-09-15,09:15,09:48,CONT,SELL,23492.1,23532.1,23432.1,23432.1,TP,60.0,1820
nifty,2026-09-15,10:11,10:21,BOS,BUY,23392.3,23372.3,23422.3,23372.3,SL,-20.0,-780
nifty,2026-09-15,10:36,10:43,BOS,BUY,23373.2,23353.2,23403.2,23353.2,SL,-20.0,-780
nifty,2026-09-16,09:15,09:30,CONT,BUY,23229.2,23189.2,23289.2,23189.2,SL,-40.0,-1430
nifty,2026-09-16,09:49,09:52,BOS,BUY,23152.2,23132.2,23182.2,23182.2,TP,30.0,845
nifty,2026-09-17,09:15,09:32,CONT,BUY,23211.9,23171.9,23271.9,23271.9,TP,60.0,1820
nifty,2026-09-17,09:39,09:42,BOS,SELL,23274.1,23294.1,23244.1,23244.1,TP,30.0,845
nifty,2026-09-17,10:16,10:31,BOS,SELL,23308.9,23328.9,23278.9,23278.9,TP,30.0,845
nifty,2026-09-17,10:31,11:03,BOS,SELL,23278.6,23298.6,23248.6,23248.6,TP,30.0,845
nifty,2026-09-21,09:15,09:30,CONT,BUY,23345.7,23305.7,23405.7,23405.7,TP,60.0,1820
nifty,2026-09-21,09:40,09:49,BOS,SELL,23387.1,23407.1,23357.1,23407.1,SL,-20.0,-780
nifty,2026-09-21,09:56,10:27,BOS,SELL,23393.1,23413.1,23363.1,23363.1,TP,30.0,845
nifty,2026-09-22,09:15,10:41,CONT,SELL,23450.7,23490.7,23390.7,23390.7,TP,60.0,1820
nifty,2026-09-23,09:15,10:45,CONT,BUY,23355.2,23315.2,23415.2,23415.2,TP,60.0,1820
nifty,2026-09-24,09:15,09:47,CONT,BUY,23258.6,23218.6,23318.6,23218.6,SL,-40.0,-1430
nifty,2026-09-25,09:15,09:43,CONT,BUY,23088.9,23048.9,23148.9,23048.9,SL,-40.0,-1430
nifty,2026-09-25,10:18,10:34,BOS,SELL,23095.9,23115.9,23065.9,23065.9,TP,30.0,845
nifty,2026-09-28,09:15,09:22,CONT,SELL,22975.6,23015.6,22915.6,22915.6,TP,60.0,1820
nifty,2026-09-28,09:47,10:09,BOS,BUY,22875.8,22855.8,22905.8,22855.8,SL,-20.0,-780
nifty,2026-09-28,10:13,10:17,BOS,BUY,22870.1,22850.1,22900.1,22850.1,SL,-20.0,-780
nifty,2026-09-29,09:40,09:42,BOS,BUY,22594.8,22574.8,22624.8,22624.8,TP,30.0,845
nifty,2026-09-29,09:54,10:05,BOS,BUY,22605.6,22585.6,22635.6,22585.6,SL,-20.0,-780
nifty,2026-09-29,10:25,10:56,BOS,BUY,22593.2,22573.2,22623.2,22623.2,TP,30.0,845
nifty,2026-09-30,09:15,09:21,CONT,BUY,22667.8,22627.8,22727.8,22727.8,TP,60.0,1820
nifty,2026-09-30,09:30,09:45,BOS,SELL,22699.8,22719.8,22669.8,22719.8,SL,-20.0,-780
nifty,2026-09-30,10:30,10:34,BOS,SELL,22747.5,22767.5,22717.5,22717.5,TP,30.0,845
nifty,2026-09-30,10:44,11:02,BOS,SELL,22702.8,22722.8,22672.8,22722.8,SL,-20.0,-780
nifty,2026-10-01,09:15,09:24,CONT,BUY,22552.0,22512.0,22612.0,22512.0,SL,-40.0,-1430
nifty,2026-10-01,10:08,10:26,BOS,SELL,22585.3,22605.3,22555.3,22555.3,TP,30.0,845
nifty,2026-10-01,10:42,11:08,BOS,SELL,22569.8,22589.8,22539.8,22539.8,TP,30.0,845
sensex,2026-09-04,10:05,11:01,BOS,SELL,76706.9,76766.9,76616.9,76766.9,SL,-60.0,-705
sensex,2026-09-07,09:36,09:51,BOS,BUY,76341.6,76281.6,76431.6,76281.6,SL,-60.0,-705
sensex,2026-09-07,10:21,11:00,BOS,BUY,76205.0,76145.0,76295.0,76145.0,SL,-60.0,-705
sensex,2026-09-08,09:35,10:15,BOS,BUY,75755.3,75695.3,75845.3,75845.3,TP,90.0,795
sensex,2026-09-09,09:37,09:49,BOS,BUY,75105.0,75045.0,75195.0,75045.0,SL,-60.0,-705
sensex,2026-09-09,10:12,10:18,BOS,BUY,74965.4,74905.4,75055.4,75055.4,TP,90.0,795
sensex,2026-09-10,09:15,09:22,CONT,BUY,74869.2,74749.2,75049.2,74749.2,SL,-120.0,-1305
sensex,2026-09-15,09:15,09:45,CONT,SELL,75144.2,75264.2,74964.2,74964.2,TP,180.0,1695
sensex,2026-09-15,10:11,10:21,BOS,BUY,74812.0,74752.0,74902.0,74752.0,SL,-60.0,-705
sensex,2026-09-15,10:35,10:46,BOS,BUY,74733.9,74673.9,74823.9,74673.9,SL,-60.0,-705
sensex,2026-09-16,09:15,09:17,CONT,BUY,74309.4,74189.4,74489.4,74489.4,TP,180.0,1695
sensex,2026-09-16,09:49,09:52,BOS,BUY,74098.5,74038.5,74188.5,74188.5,TP,90.0,795
sensex,2026-09-17,09:15,09:32,CONT,BUY,74264.3,74144.3,74444.3,74444.3,TP,180.0,1695
sensex,2026-09-17,09:39,09:42,BOS,SELL,74442.0,74502.0,74352.0,74352.0,TP,90.0,795
sensex,2026-09-17,10:17,10:31,BOS,SELL,74526.1,74586.1,74436.1,74436.1,TP,90.0,795
sensex,2026-09-17,10:40,11:01,BOS,SELL,74443.0,74503.0,74353.0,74353.0,TP,90.0,795
sensex,2026-09-21,09:15,11:54,CONT,BUY,74620.2,74500.2,74800.2,74800.2,TP,180.0,1695
sensex,2026-09-22,10:12,10:26,BOS,SELL,74998.4,75058.4,74908.4,74908.4,TP,90.0,795
sensex,2026-09-24,09:15,09:17,CONT,BUY,74329.7,74209.7,74509.7,74209.7,SL,-120.0,-1305
sensex,2026-09-24,10:30,10:53,BOS,BUY,74109.5,74049.5,74199.5,74199.5,TP,90.0,795
sensex,2026-09-25,09:15,09:43,CONT,BUY,73698.3,73578.3,73878.3,73578.3,SL,-120.0,-1305
sensex,2026-09-25,10:18,10:35,BOS,SELL,73719.8,73779.8,73629.8,73629.8,TP,90.0,795
sensex,2026-09-28,09:15,09:23,CONT,SELL,73374.5,73494.5,73194.5,73194.5,TP,180.0,1695
sensex,2026-09-28,09:58,10:05,BOS,BUY,73066.3,73006.3,73156.3,73006.3,SL,-60.0,-705
sensex,2026-09-29,09:54,10:11,BOS,BUY,72181.5,72121.5,72271.5,72121.5,SL,-60.0,-705
sensex,2026-09-29,10:25,10:56,BOS,BUY,72158.5,72098.5,72248.5,72248.5,TP,90.0,795
sensex,2026-09-30,09:15,09:20,CONT,BUY,72483.8,72363.8,72663.8,72663.8,TP,180.0,1695
sensex,2026-09-30,09:30,09:43,BOS,SELL,72657.8,72717.8,72567.8,72717.8,SL,-60.0,-705
sensex,2026-09-30,10:00,10:05,BOS,SELL,72731.6,72791.6,72641.6,72791.6,SL,-60.0,-705
sensex,2026-10-01,09:15,10:01,CONT,BUY,72338.2,72218.2,72518.2,72518.2,TP,180.0,1695
sensex,2026-10-01,10:08,10:24,BOS,SELL,72488.8,72548.8,72398.8,72398.8,TP,90.0,795
sensex,2026-10-01,10:24,10:32,BOS,SELL,72404.4,72464.4,72314.4,72464.4,SL,-60.0,-705
sensex,2026-10-01,10:42,11:07,BOS,SELL,72456.2,72516.2,72366.2,72366.2,TP,90.0,795
