index,day,opened,closed,side,entry,stop,target,exit,reason,points,stop_points,net_R_after_costs
nifty,2023-01-25,10:23,10:44,BUY,17962.5,17920.4,18088.6,17920.4,SL,-42.1,42.1,-1.1
nifty,2023-01-27,10:23,11:42,BUY,17702.8,17660.4,17829.8,17660.4,SL,-42.3,42.4,-1.09
nifty,2023-01-30,09:39,11:03,SELL,17667.8,17710.4,17539.8,17539.8,TP,127.9,42.6,2.91
nifty,2023-01-31,10:14,15:15,BUY,17563.2,17516.7,17702.5,17676.1,time,112.9,46.5,2.35
nifty,2023-03-16,09:53,10:40,BUY,16870.6,16829.3,16994.4,16994.4,TP,123.8,41.3,2.9
nifty,2023-03-20,09:38,09:58,BUY,16953.4,16911.8,17078.2,16911.8,SL,-41.6,41.6,-1.1
nifty,2023-03-20,10:30,12:15,BUY,16906.8,16865.2,17031.6,16865.2,SL,-41.6,41.6,-1.1
nifty,2023-04-17,09:47,09:52,BUY,17648.3,17609.6,17764.4,17609.6,SL,-38.7,38.7,-1.1
nifty,2023-04-17,10:06,15:04,BUY,17591.5,17552.8,17707.6,17707.6,TP,116.1,38.7,2.9
nifty,2023-04-18,10:28,13:41,BUY,17664.2,17625.5,17780.2,17625.5,SL,-38.7,38.7,-1.1
nifty,2023-05-05,10:34,11:50,SELL,18198.3,18227.7,18110.4,18110.4,TP,88.0,29.3,2.86
nifty,2023-05-08,10:10,10:24,SELL,18197.8,18227.2,18109.9,18227.2,SL,-29.3,29.3,-1.14
nifty,2023-05-10,10:15,15:05,BUY,18231.8,18203.0,18318.3,18318.3,TP,86.5,28.8,2.86
nifty,2023-05-19,10:11,14:23,BUY,18086.8,18057.2,18175.9,18175.9,TP,89.0,29.7,2.87
nifty,2023-05-22,10:00,10:58,SELL,18275.2,18304.9,18186.2,18304.9,SL,-29.7,29.7,-1.13
nifty,2023-06-20,10:41,13:07,BUY,18671.1,18644.4,18751.2,18751.2,TP,80.1,26.7,2.85
nifty,2023-07-04,10:23,13:19,BUY,19330.1,19303.8,19409.1,19409.1,TP,79.0,26.3,2.85
nifty,2023-07-07,10:11,10:53,SELL,19497.0,19525.8,19410.7,19410.7,TP,86.3,28.8,2.86
nifty,2023-08-09,10:39,14:52,BUY,19487.8,19455.2,19585.9,19585.9,TP,98.1,32.7,2.88
nifty,2023-08-11,10:00,11:40,BUY,19474.3,19441.1,19573.8,19441.1,SL,-33.2,33.2,-1.12
nifty,2023-08-14,09:39,13:37,BUY,19290.7,19257.0,19391.7,19391.7,TP,101.0,33.6,2.88
nifty,2023-09-12,10:04,10:16,BUY,19982.1,19953.4,20068.1,19953.4,SL,-28.7,28.7,-1.14
nifty,2023-09-12,10:43,15:15,BUY,19961.6,19932.9,20047.6,19989.8,time,28.2,28.7,0.84
nifty,2023-09-21,10:23,12:06,BUY,19762.6,19733.3,19850.3,19733.3,SL,-29.2,29.2,-1.14
nifty,2023-10-03,10:11,15:15,BUY,19496.2,19464.6,19591.1,19529.5,time,33.3,31.6,0.93
nifty,2023-10-26,10:01,10:14,BUY,18947.4,18915.8,19042.3,18915.8,SL,-31.6,31.6,-1.13
nifty,2023-10-26,10:30,10:57,BUY,18903.5,18871.9,18998.4,18871.9,SL,-31.6,31.6,-1.13
nifty,2023-10-27,10:10,11:53,SELL,19011.0,19044.0,18912.3,19044.0,SL,-32.9,32.9,-1.12
nifty,2023-10-30,10:00,10:31,BUY,18966.3,18933.4,19065.1,19065.1,TP,98.8,32.9,2.88
nifty,2023-10-31,10:01,10:10,BUY,19136.6,19103.7,19235.4,19103.7,SL,-32.9,32.9,-1.12
nifty,2023-11-17,09:50,10:00,SELL,19772.7,19803.0,19681.8,19803.0,SL,-30.3,30.3,-1.13
nifty,2023-11-17,10:14,15:15,SELL,19778.7,19809.0,19687.8,19744.7,time,34.0,30.3,0.99
nifty,2023-11-30,10:15,14:43,BUY,20049.1,20024.5,20123.0,20123.0,TP,73.9,24.6,2.84
nifty,2023-12-13,10:44,11:35,BUY,20820.5,20789.8,20912.5,20789.8,SL,-30.7,30.7,-1.13
nifty,2023-12-19,09:49,10:08,BUY,21382.5,21349.0,21483.1,21349.0,SL,-33.5,33.5,-1.12
nifty,2023-12-19,10:34,14:12,BUY,21385.7,21352.2,21486.3,21486.3,TP,100.6,33.5,2.88
nifty,2024-01-17,09:56,12:03,SELL,21792.4,21838.5,21654.2,21654.2,TP,138.2,46.1,2.91
nifty,2024-01-24,10:11,10:17,SELL,21317.8,21364.1,21178.8,21364.1,SL,-46.3,46.3,-1.09
nifty,2024-01-24,10:44,12:27,SELL,21369.7,21416.0,21230.7,21230.7,TP,139.0,46.3,2.91
nifty,2024-01-25,10:29,10:55,BUY,21316.6,21270.0,21456.3,21270.0,SL,-46.6,46.6,-1.09
nifty,2024-02-22,10:37,10:57,BUY,21936.6,21884.0,22094.5,21884.0,SL,-52.6,52.6,-1.08
nifty,2024-03-01,10:34,11:29,SELL,22191.8,22239.5,22048.5,22239.5,SL,-47.8,47.8,-1.08
nifty,2024-03-12,10:12,10:46,SELL,22429.0,22467.8,22312.8,22312.8,TP,116.3,38.8,2.9
nifty,2024-03-13,10:08,11:00,BUY,22299.8,22261.0,22416.0,22261.0,SL,-38.8,38.8,-1.1
nifty,2024-03-28,10:26,10:37,SELL,22291.0,22341.7,22138.9,22341.7,SL,-50.7,50.7,-1.08
nifty,2024-04-04,10:01,10:15,BUY,22422.9,22373.7,22570.4,22373.7,SL,-49.2,49.2,-1.08
nifty,2024-04-04,10:19,10:52,BUY,22431.7,22382.5,22579.1,22382.5,SL,-49.2,49.2,-1.08
nifty,2024-04-25,10:26,13:45,SELL,22447.0,22491.0,22314.9,22491.0,SL,-44.0,44.0,-1.09
nifty,2024-05-03,10:31,10:40,BUY,22647.8,22604.8,22776.7,22604.8,SL,-43.0,43.0,-1.09
nifty,2024-05-13,10:09,12:26,BUY,21867.8,21820.0,22011.0,22011.0,TP,143.2,47.7,2.92
nifty,2024-06-03,09:35,09:45,BUY,23156.2,23100.4,23323.9,23100.4,SL,-55.9,55.9,-1.07
nifty,2024-06-03,09:54,15:15,BUY,23128.1,23072.2,23295.7,23282.5,time,154.4,55.9,2.69
nifty,2024-06-04,09:47,09:56,BUY,22693.5,22637.6,22861.1,22861.1,TP,167.6,55.9,2.93
nifty,2024-06-04,10:07,10:20,BUY,22815.3,22759.5,22983.0,22759.5,SL,-55.9,55.9,-1.07
nifty,2024-06-05,10:00,10:14,BUY,21904.2,21848.4,22071.9,22071.9,TP,167.6,55.9,2.93
nifty,2024-07-19,09:55,10:07,BUY,24733.6,24690.9,24861.7,24690.9,SL,-42.7,42.7,-1.09
nifty,2024-07-22,10:32,15:15,SELL,24560.2,24603.0,24432.2,24518.0,time,42.2,42.7,0.9
nifty,2024-09-06,10:24,10:35,BUY,24936.1,24897.3,25052.5,24897.3,SL,-38.8,38.8,-1.1
nifty,2024-10-03,09:53,11:04,SELL,25611.3,25652.2,25488.5,25488.5,TP,122.8,40.9,2.9
nifty,2024-10-17,09:57,11:15,BUY,24843.1,24789.4,25004.2,24789.4,SL,-53.7,53.7,-1.07
nifty,2024-10-21,10:00,15:15,BUY,24749.0,24683.8,24944.5,24785.6,time,36.6,65.2,0.5
nifty,2024-11-04,09:59,10:07,BUY,24064.0,23992.6,24278.0,23992.6,SL,-71.3,71.4,-1.06
nifty,2024-11-07,10:35,15:15,BUY,24199.8,24128.4,24413.8,24197.2,time,-2.5,71.4,-0.09
nifty,2024-12-17,10:42,12:01,BUY,24433.4,24372.0,24617.6,24372.0,SL,-61.4,61.4,-1.07
nifty,2025-01-10,10:08,11:15,BUY,23387.8,23330.8,23559.0,23559.0,TP,171.2,57.1,2.93
nifty,2025-01-21,10:37,11:46,BUY,23186.0,23132.4,23347.1,23347.1,TP,161.1,53.7,2.93
nifty,2025-02-10,10:20,13:34,BUY,23377.8,23324.2,23538.3,23324.2,SL,-53.5,53.5,-1.07
nifty,2025-02-12,10:08,11:44,BUY,22838.4,22783.2,23003.9,23003.9,TP,165.5,55.2,2.93
nifty,2025-02-19,10:35,15:15,SELL,23017.5,23083.6,22819.0,22934.5,time,83.0,66.2,1.19
nifty,2025-02-28,10:11,12:38,BUY,22246.1,22183.3,22434.4,22183.3,SL,-62.8,62.8,-1.06
nifty,2025-03-17,09:49,15:15,SELL,22537.8,22609.1,22323.9,22512.8,time,25.0,71.3,0.3
nifty,2025-03-27,10:14,15:15,SELL,23600.3,23665.9,23403.5,23588.1,time,12.2,65.6,0.13
nifty,2025-04-01,09:51,10:29,SELL,23509.2,23577.7,23303.6,23303.6,TP,205.6,68.5,2.94
nifty,2025-04-04,10:30,13:47,BUY,22940.7,22875.1,23137.5,22875.1,SL,-65.6,65.6,-1.06
nifty,2025-04-07,09:39,12:31,SELL,22036.0,22101.6,21839.2,21839.2,TP,196.8,65.6,2.94
nifty,2025-04-25,10:10,10:27,BUY,24029.9,23965.5,24223.1,23965.5,SL,-64.4,64.4,-1.06
nifty,2025-04-25,10:37,11:03,BUY,23972.4,23908.0,24165.6,23908.0,SL,-64.4,64.4,-1.06
nifty,2025-04-28,10:23,12:18,SELL,24251.7,24317.1,24055.4,24317.1,SL,-65.4,65.4,-1.06
nifty,2025-05-02,10:15,11:26,SELL,24568.2,24633.6,24371.9,24371.9,TP,196.3,65.4,2.94
nifty,2025-05-07,09:39,15:15,SELL,24403.7,24469.1,24207.3,24421.8,time,-18.1,65.4,-0.34
nifty,2025-05-12,09:42,09:54,SELL,24598.5,24663.9,24402.2,24663.9,SL,-65.4,65.4,-1.06
nifty,2025-05-12,10:34,12:31,SELL,24687.8,24753.2,24491.4,24753.2,SL,-65.4,65.4,-1.06
nifty,2025-05-13,10:39,12:54,BUY,24695.2,24629.8,24891.6,24629.8,SL,-65.4,65.4,-1.06
nifty,2025-05-27,10:23,11:29,BUY,24770.5,24694.2,24999.6,24999.6,TP,229.0,76.3,2.95
nifty,2025-06-13,10:01,10:33,SELL,24619.5,24679.0,24441.3,24679.0,SL,-59.4,59.4,-1.07
nifty,2025-06-13,10:38,12:18,SELL,24662.7,24722.1,24484.5,24722.1,SL,-59.4,59.4,-1.07
nifty,2025-07-25,10:43,12:20,BUY,24866.3,24827.9,24981.6,24827.9,SL,-38.4,38.4,-1.1
nifty,2025-08-12,10:11,11:08,SELL,24677.8,24723.5,24540.5,24540.5,TP,137.2,45.7,2.91
nifty,2025-08-26,09:52,15:02,BUY,24782.0,24736.3,24919.3,24736.3,SL,-45.7,45.7,-1.09
nifty,2025-08-28,09:39,11:06,BUY,24538.5,24492.7,24675.7,24675.7,TP,137.2,45.7,2.91
nifty,2025-09-05,10:39,11:56,BUY,24706.4,24659.7,24846.4,24659.7,SL,-46.7,46.7,-1.09
nifty,2025-09-16,10:13,12:38,SELL,25164.7,25202.4,25051.7,25202.4,SL,-37.7,37.7,-1.11
nifty,2025-10-07,10:16,14:15,SELL,25181.2,25219.4,25066.8,25219.4,SL,-38.2,38.1,-1.1
nifty,2025-10-10,10:36,12:49,SELL,25274.5,25317.7,25144.6,25317.7,SL,-43.3,43.3,-1.09
nifty,2025-10-27,10:36,11:59,SELL,25951.0,25995.8,25816.5,25995.8,SL,-44.8,44.8,-1.09
nifty,2025-11-26,10:11,10:48,SELL,26076.7,26125.6,25929.9,26125.6,SL,-48.9,48.9,-1.08
nifty,2025-12-09,10:01,12:06,BUY,25746.2,25700.5,25883.2,25883.2,TP,137.0,45.7,2.91
nifty,2026-01-13,09:45,09:56,BUY,25766.4,25725.6,25888.7,25725.6,SL,-40.8,40.8,-1.1
nifty,2026-01-13,10:08,12:14,BUY,25756.5,25715.7,25878.8,25715.7,SL,-40.8,40.8,-1.1
nifty,2026-01-16,10:42,13:02,SELL,25853.7,25896.6,25724.9,25724.9,TP,128.8,42.9,2.91
nifty,2026-01-19,10:08,15:15,BUY,25527.2,25484.2,25655.9,25590.9,time,63.8,42.9,1.39
nifty,2026-01-29,10:03,13:06,BUY,25195.0,25139.9,25360.4,25360.4,TP,165.4,55.1,2.93
nifty,2026-02-03,10:15,15:15,BUY,25707.0,25647.2,25886.2,25746.5,time,39.5,59.8,0.59
nifty,2026-02-20,10:38,12:17,SELL,25566.6,25623.8,25394.9,25623.8,SL,-57.2,57.2,-1.07
nifty,2026-02-24,10:19,12:19,BUY,25500.3,25442.4,25674.1,25442.4,SL,-57.9,57.9,-1.07
nifty,2026-03-02,09:49,12:00,SELL,24953.2,25011.1,24779.4,24779.4,TP,173.8,57.9,2.93
nifty,2026-03-23,10:36,12:24,BUY,22575.8,22501.6,22798.1,22501.6,SL,-74.1,74.1,-1.05
nifty,2026-03-25,10:06,10:41,SELL,23254.3,23331.2,23023.7,23331.2,SL,-76.9,76.9,-1.05
nifty,2026-05-04,09:50,13:29,SELL,24258.9,24332.0,24039.6,24039.6,TP,219.3,73.1,2.95
nifty,2026-06-03,09:46,10:33,BUY,23279.2,23222.5,23449.7,23222.5,SL,-56.8,56.8,-1.07
nifty,2026-06-04,10:16,15:15,SELL,23420.8,23477.6,23250.4,23417.8,time,3.0,56.8,-0.02
nifty,2026-06-24,10:37,11:10,SELL,23939.2,23990.4,23785.7,23990.4,SL,-51.2,51.2,-1.08
nifty,2026-06-30,09:56,15:01,BUY,23886.2,23835.8,24037.6,23835.8,SL,-50.4,50.4,-1.08
nifty,2026-07-09,09:57,10:41,SELL,24040.5,24079.7,23922.8,24079.7,SL,-39.2,39.2,-1.1
nifty,2026-07-15,09:39,12:56,SELL,24195.5,24236.8,24071.7,24071.7,TP,123.8,41.3,2.9
nifty,2026-07-17,10:43,12:49,SELL,24248.2,24289.4,24124.3,24289.4,SL,-41.3,41.3,-1.1
nifty,2026-07-22,10:03,10:26,BUY,24024.8,23979.5,24161.0,23979.5,SL,-45.4,45.4,-1.09
nifty,2026-08-12,10:17,10:58,BUY,24370.5,24329.7,24493.2,24329.7,SL,-40.9,40.9,-1.1
nifty,2026-08-13,10:44,15:15,BUY,24330.8,24289.9,24453.4,24353.3,time,22.5,40.9,0.45
nifty,2026-08-31,10:26,15:15,BUY,24023.7,23986.5,24135.0,24050.2,time,26.6,37.1,0.61
nifty,2026-09-15,09:43,09:48,BUY,23461.6,23428.5,23560.9,23428.5,SL,-33.1,33.1,-1.12
nifty,2026-09-15,10:36,10:46,BUY,23373.2,23340.1,23472.5,23340.1,SL,-33.1,33.1,-1.12
nifty,2026-09-17,10:23,12:07,SELL,23290.2,23323.6,23189.9,23323.6,SL,-33.4,33.4,-1.12
nifty,2026-09-28,09:47,10:18,BUY,22875.8,22839.3,22985.1,22839.3,SL,-36.4,36.4,-1.11
nifty,2026-09-29,09:54,11:30,BUY,22605.5,22568.0,22718.1,22718.1,TP,112.5,37.5,2.89
sensex,2023-01-25,10:23,10:58,BUY,60472.1,60324.3,60915.7,60324.3,SL,-147.9,147.9,-1.08
sensex,2023-01-27,10:23,12:08,BUY,59519.0,59361.7,59990.7,59361.7,SL,-157.2,157.2,-1.08
sensex,2023-01-30,09:39,12:55,SELL,59506.9,59673.5,59007.0,59007.0,TP,499.8,166.6,2.93
sensex,2023-01-31,10:15,15:15,BUY,59245.9,59078.7,59747.5,59598.8,time,352.9,167.2,2.04
sensex,2023-03-03,10:28,10:47,SELL,59548.4,59675.0,59168.5,59675.0,SL,-126.6,126.6,-1.09
sensex,2023-03-06,09:56,10:26,SELL,60348.1,60478.2,59957.8,60478.2,SL,-130.1,130.1,-1.09
sensex,2023-03-06,10:29,15:15,SELL,60435.1,60565.2,60044.8,60202.2,time,232.9,130.1,1.7
sensex,2023-03-09,10:22,13:38,BUY,60124.0,59985.9,60538.2,59985.9,SL,-138.1,138.1,-1.09
sensex,2023-03-20,10:30,12:27,BUY,57346.2,57196.7,57794.5,57196.7,SL,-149.5,149.5,-1.08
sensex,2023-04-05,10:44,15:06,SELL,59522.6,59680.3,59049.6,59680.3,SL,-157.7,157.7,-1.08
sensex,2023-04-17,10:06,15:05,BUY,59512.6,59373.1,59931.1,59931.1,TP,418.5,139.5,2.91
sensex,2023-05-05,09:43,10:07,SELL,61449.6,61550.9,61145.4,61550.9,SL,-101.4,101.4,-1.12
sensex,2023-05-05,10:36,11:50,SELL,61529.7,61631.1,61225.5,61225.5,TP,304.2,101.4,2.88
sensex,2023-05-08,10:06,10:24,SELL,61544.6,61646.0,61240.4,61646.0,SL,-101.4,101.4,-1.12
sensex,2023-05-22,09:59,15:05,SELL,61914.4,62020.7,61595.7,62020.7,SL,-106.2,106.2,-1.11
sensex,2023-06-13,09:55,15:11,SELL,63056.1,63148.2,62780.0,63148.2,SL,-92.1,92.1,-1.13
sensex,2023-06-20,10:40,13:06,BUY,62837.2,62745.8,63111.3,63111.3,TP,274.1,91.4,2.87
sensex,2023-07-03,10:43,13:03,SELL,65133.4,65225.3,64858.0,65225.3,SL,-91.8,91.8,-1.13
sensex,2023-07-04,10:23,12:46,BUY,65268.3,65176.5,65543.8,65543.8,TP,275.5,91.8,2.87
sensex,2023-07-07,10:10,10:53,SELL,65828.6,65931.1,65521.1,65521.1,TP,307.5,102.5,2.88
sensex,2023-07-13,10:17,14:16,SELL,65978.9,66092.4,65638.4,65638.4,TP,340.5,113.5,2.89
sensex,2023-07-26,10:44,15:15,SELL,66837.5,66954.8,66485.7,66726.7,time,110.8,117.3,0.84
sensex,2023-08-11,10:17,15:03,BUY,65434.5,65315.8,65790.5,65315.8,SL,-118.7,118.7,-1.1
sensex,2023-09-12,10:04,10:18,BUY,67147.4,67049.1,67442.5,67049.1,SL,-98.4,98.4,-1.12
sensex,2023-09-12,10:35,11:45,BUY,67054.6,66956.2,67349.6,67349.6,TP,295.1,98.4,2.88
sensex,2023-09-21,10:22,12:04,BUY,66291.5,66195.1,66580.6,66195.1,SL,-96.4,96.4,-1.12
sensex,2023-09-27,10:42,12:09,BUY,65619.0,65524.7,65901.6,65901.6,TP,282.7,94.2,2.87
sensex,2023-09-28,10:06,11:04,BUY,66113.0,66016.6,66402.1,66016.6,SL,-96.4,96.4,-1.12
sensex,2023-10-03,09:44,09:54,BUY,65483.5,65387.1,65772.6,65387.1,SL,-96.4,96.4,-1.12
sensex,2023-10-03,10:11,15:15,BUY,65405.8,65309.4,65694.9,65526.1,time,120.4,96.4,1.12
sensex,2023-10-26,10:01,10:14,BUY,63495.5,63390.3,63811.2,63390.3,SL,-105.2,105.2,-1.11
sensex,2023-10-26,10:30,11:00,BUY,63336.6,63231.4,63652.3,63231.4,SL,-105.2,105.2,-1.11
sensex,2023-10-30,10:00,10:31,BUY,63511.4,63400.4,63844.5,63844.5,TP,333.1,111.0,2.89
sensex,2023-10-31,10:01,10:10,BUY,64100.8,63989.8,64433.9,63989.8,SL,-111.0,111.0,-1.11
sensex,2023-11-07,10:14,11:49,BUY,64765.9,64660.7,65081.6,64660.7,SL,-105.2,105.2,-1.11
sensex,2023-11-30,10:15,15:06,BUY,66704.2,66617.8,66963.5,66963.5,TP,259.3,86.4,2.86
sensex,2023-12-07,09:34,15:15,BUY,69400.7,69306.0,69685.0,69511.8,time,111.0,94.8,1.05
sensex,2023-12-13,10:44,11:36,BUY,69258.7,69150.8,69582.4,69150.8,SL,-107.9,107.9,-1.11
sensex,2023-12-14,10:09,13:33,SELL,70469.3,70577.2,70145.6,70577.2,SL,-107.9,107.9,-1.11
sensex,2023-12-19,10:19,13:56,BUY,71202.0,71089.9,71538.3,71538.3,TP,336.3,112.1,2.89
sensex,2023-12-21,10:28,10:45,SELL,70380.9,70499.8,70023.9,70499.8,SL,-119.0,119.0,-1.1
sensex,2024-01-24,10:13,10:17,SELL,70599.3,70748.6,70151.6,70748.6,SL,-149.2,149.2,-1.08
sensex,2024-01-24,10:44,11:33,SELL,70766.9,70916.1,70319.2,70319.2,TP,447.7,149.2,2.92
sensex,2024-02-02,09:36,11:13,SELL,72389.3,72547.2,71915.4,72547.2,SL,-158.0,158.0,-1.08
sensex,2024-02-12,10:37,12:09,BUY,71274.2,71093.0,71817.7,71093.0,SL,-181.2,181.2,-1.07
sensex,2024-02-22,10:31,14:01,BUY,72232.1,72054.7,72764.1,72764.1,TP,532.0,177.3,2.93
sensex,2024-03-01,10:21,11:21,SELL,73157.1,73313.1,72689.2,73313.1,SL,-156.0,156.0,-1.08
sensex,2024-03-12,10:30,10:46,SELL,73940.8,74078.2,73528.6,73528.6,TP,412.2,137.4,2.91
sensex,2024-03-22,10:25,11:41,SELL,72722.9,72871.3,72277.7,72871.3,SL,-148.4,148.4,-1.08
sensex,2024-03-28,10:26,10:37,SELL,73567.9,73724.7,73097.7,73724.7,SL,-156.7,156.7,-1.08
sensex,2024-04-04,10:00,10:52,BUY,73863.9,73707.7,74332.4,73707.7,SL,-156.2,156.2,-1.08
sensex,2024-04-25,10:26,13:49,SELL,74041.4,74189.9,73595.7,74189.9,SL,-148.6,148.6,-1.08
sensex,2024-05-03,10:31,10:40,BUY,74493.6,74335.0,74969.2,74335.0,SL,-158.5,158.5,-1.08
sensex,2024-05-09,10:34,12:48,BUY,72973.2,72814.6,73448.8,72814.6,SL,-158.5,158.5,-1.08
sensex,2024-05-10,10:09,15:15,SELL,72863.9,73025.4,72379.5,72682.4,time,181.6,161.5,1.05
sensex,2024-05-13,10:09,12:25,BUY,71959.5,71795.5,72451.3,72451.3,TP,491.8,163.9,2.93
sensex,2024-06-03,09:54,15:13,BUY,75873.2,75688.4,76427.7,76427.7,TP,554.5,184.8,2.94
sensex,2024-06-04,09:46,09:56,BUY,74479.7,74294.9,75034.2,75034.2,TP,554.5,184.8,2.94
sensex,2024-06-04,10:07,10:20,BUY,74984.1,74799.3,75538.6,74799.3,SL,-184.8,184.8,-1.06
sensex,2024-06-05,10:00,10:48,BUY,72132.0,71944.6,72694.2,72694.2,TP,562.2,187.4,2.94
sensex,2024-06-07,10:16,10:38,SELL,75510.6,75700.3,74941.7,75700.3,SL,-189.6,189.6,-1.06
sensex,2024-07-26,10:41,12:24,SELL,80580.0,80745.9,80082.3,80745.9,SL,-165.9,165.9,-1.07
sensex,2024-08-05,09:30,09:33,SELL,79314.2,79463.7,78865.9,79463.7,SL,-149.4,149.4,-1.08
sensex,2024-08-05,10:27,10:49,SELL,79486.3,79635.7,79038.0,79038.0,TP,448.3,149.4,2.92
sensex,2024-08-06,09:38,09:58,SELL,79554.1,79710.6,79084.8,79710.6,SL,-156.4,156.4,-1.08
sensex,2024-08-06,10:06,10:41,SELL,79559.7,79716.1,79090.3,79090.3,TP,469.3,156.4,2.92
sensex,2024-08-26,10:26,15:15,SELL,81723.4,81863.1,81304.6,81697.5,time,25.9,139.6,0.1
sensex,2024-09-06,10:24,10:38,BUY,81495.5,81353.7,81920.8,81353.7,SL,-141.8,141.8,-1.08
sensex,2024-10-03,09:54,11:17,SELL,83610.8,83753.1,83183.7,83183.7,TP,427.1,142.4,2.92
sensex,2024-10-08,09:59,10:33,SELL,81281.2,81423.6,80854.1,81423.6,SL,-142.4,142.4,-1.08
sensex,2024-10-17,09:57,11:27,BUY,81242.5,81062.2,81783.5,81062.2,SL,-180.3,180.3,-1.07
sensex,2024-10-21,09:59,15:15,BUY,81033.0,80836.2,81623.4,81173.9,time,140.9,196.8,0.65
sensex,2024-11-04,09:56,10:11,BUY,78922.3,78700.1,79589.0,78700.1,SL,-222.2,222.2,-1.05
sensex,2024-11-07,10:43,15:15,BUY,79540.7,79318.5,80207.4,79542.2,time,1.6,222.2,-0.05
sensex,2024-11-18,09:47,15:15,BUY,77185.4,76926.7,77961.4,77378.5,time,193.2,258.7,0.7
sensex,2024-11-19,10:44,11:48,SELL,78180.2,78438.9,77404.1,78438.9,SL,-258.7,258.7,-1.05
sensex,2024-11-21,09:56,15:15,BUY,77047.7,76778.5,77855.3,77157.1,time,109.4,269.2,0.36
sensex,2024-12-13,10:44,11:55,BUY,80246.0,80038.9,80867.5,80867.5,TP,621.5,207.2,2.94
sensex,2024-12-17,10:42,12:01,BUY,80957.1,80759.7,81549.1,80759.7,SL,-197.3,197.3,-1.06
sensex,2024-12-20,10:13,12:45,BUY,78785.1,78588.3,79375.5,78588.3,SL,-196.8,196.8,-1.06
sensex,2025-01-03,10:03,10:12,BUY,79603.4,79427.1,80132.2,79427.1,SL,-176.3,176.3,-1.07
sensex,2025-01-21,10:35,11:45,BUY,76370.2,76190.2,76910.3,76910.3,TP,540.1,180.0,2.93
sensex,2025-02-10,10:23,13:24,BUY,77304.0,77128.7,77829.9,77128.7,SL,-175.3,175.3,-1.07
sensex,2025-02-12,10:08,11:45,BUY,75509.6,75324.1,76066.2,76066.2,TP,556.6,185.5,2.94
sensex,2025-02-28,10:10,12:37,BUY,73678.6,73476.7,74284.3,73476.7,SL,-201.9,201.9,-1.06
sensex,2025-03-03,10:16,15:15,BUY,72878.1,72665.3,73516.4,73083.1,time,205.0,212.8,0.91
sensex,2025-03-06,09:58,14:41,BUY,73642.7,73420.7,74308.9,74308.9,TP,666.2,222.1,2.95
sensex,2025-03-27,10:19,15:15,SELL,77651.9,77862.7,77019.6,77613.6,time,38.3,210.8,0.12
sensex,2025-04-03,10:16,15:15,SELL,76341.9,76552.7,75709.5,76295.9,time,46.0,210.8,0.16
sensex,2025-04-04,10:38,13:47,BUY,75518.8,75296.8,76184.7,75296.8,SL,-222.0,222.0,-1.05
sensex,2025-04-07,09:40,12:34,SELL,72653.2,72875.1,71987.2,71987.2,TP,665.9,222.0,2.95
sensex,2025-04-25,10:10,10:27,BUY,79184.4,78977.7,79804.3,78977.7,SL,-206.7,206.7,-1.06
sensex,2025-04-25,10:37,11:03,BUY,79003.2,78796.5,79623.2,78796.5,SL,-206.7,206.7,-1.06
sensex,2025-04-28,10:23,12:19,SELL,79986.4,80203.2,79336.1,80203.2,SL,-216.8,216.8,-1.06
sensex,2025-05-02,10:05,11:34,SELL,81092.7,81306.0,80452.8,80452.8,TP,640.0,213.3,2.94
sensex,2025-05-07,09:39,15:15,SELL,80703.8,80917.1,80063.8,80763.6,time,-59.8,213.3,-0.34
sensex,2025-05-09,09:32,15:15,SELL,79725.8,79928.2,79118.7,79424.9,time,300.9,202.4,1.43
sensex,2025-05-12,09:42,09:54,SELL,81381.6,81584.0,80774.5,81584.0,SL,-202.4,202.4,-1.06
sensex,2025-05-12,10:33,12:31,SELL,81652.5,81854.8,81045.3,81854.8,SL,-202.4,202.4,-1.06
sensex,2025-05-13,10:39,12:36,BUY,81519.2,81316.8,82126.3,81316.8,SL,-202.4,202.4,-1.06
sensex,2025-05-23,10:16,10:49,SELL,81527.1,81754.2,80845.9,81754.2,SL,-227.1,227.1,-1.05
sensex,2025-05-27,10:13,11:29,BUY,81427.2,81183.0,82159.9,82159.9,TP,732.7,244.2,2.95
sensex,2025-06-13,10:38,12:17,SELL,80933.8,81127.0,80354.1,81127.0,SL,-193.2,193.2,-1.06
sensex,2025-06-20,10:44,13:19,SELL,82040.1,82237.1,81449.0,82237.1,SL,-197.0,197.0,-1.06
sensex,2025-08-12,10:11,11:08,SELL,80927.5,81085.1,80454.7,80454.7,TP,472.8,157.6,2.92
sensex,2025-08-28,09:40,13:35,BUY,80319.3,80161.7,80792.1,80161.7,SL,-157.6,157.6,-1.08
sensex,2025-09-05,10:39,10:55,BUY,80586.6,80438.6,81030.3,80438.6,SL,-147.9,147.9,-1.08
sensex,2025-09-22,09:50,14:41,SELL,82514.5,82647.9,82114.3,82114.3,TP,400.2,133.4,2.91
sensex,2025-10-10,10:37,13:34,SELL,82479.9,82627.7,82036.4,82627.7,SL,-147.8,147.8,-1.08
sensex,2025-10-17,10:23,10:53,SELL,83772.1,83933.2,83288.4,83933.2,SL,-161.2,161.2,-1.07
sensex,2025-10-27,10:32,15:15,SELL,84781.0,84943.4,84293.6,84749.3,time,31.6,162.4,0.12
sensex,2025-11-26,10:11,10:48,SELL,85182.3,85352.7,84671.1,85352.7,SL,-170.4,170.4,-1.07
sensex,2026-01-07,10:19,15:15,SELL,84967.4,85110.1,84539.2,84969.3,time,-1.9,142.7,-0.1
sensex,2026-01-16,10:42,13:06,SELL,84073.5,84221.0,83630.8,83630.8,TP,442.6,147.5,2.92
sensex,2026-01-19,10:12,15:15,BUY,83032.2,82884.6,83474.8,83302.2,time,270.0,147.5,1.75
sensex,2026-01-29,10:03,12:55,BUY,81811.9,81631.8,82352.2,82352.2,TP,540.3,180.1,2.93
sensex,2026-02-03,09:51,09:59,BUY,83940.9,83734.4,84560.5,83734.4,SL,-206.5,206.5,-1.06
sensex,2026-02-03,10:15,15:15,BUY,83704.4,83497.8,84323.9,83779.3,time,75.0,206.5,0.3
sensex,2026-02-20,10:38,12:17,SELL,82820.3,83005.3,82265.3,83005.3,SL,-185.0,185.0,-1.06
sensex,2026-02-24,10:19,12:21,BUY,82530.8,82329.5,83134.7,82329.5,SL,-201.3,201.3,-1.06
sensex,2026-03-02,09:49,12:00,SELL,80532.4,80733.7,79928.5,79928.5,TP,603.9,201.3,2.94
sensex,2026-03-11,10:30,10:43,BUY,77747.8,77543.5,78360.7,77543.5,SL,-204.3,204.3,-1.06
sensex,2026-03-23,10:36,12:24,BUY,72828.8,72587.4,73553.1,72587.4,SL,-241.4,241.4,-1.05
sensex,2026-03-24,09:54,10:36,BUY,73394.0,73152.6,74118.3,73152.6,SL,-241.4,241.4,-1.05
sensex,2026-06-03,09:49,11:09,BUY,73860.2,73663.3,74450.8,73663.3,SL,-196.9,196.9,-1.06
sensex,2026-06-04,10:27,15:15,SELL,74422.9,74621.9,73825.8,74367.7,time,55.2,199.0,0.22
sensex,2026-06-24,10:36,11:09,SELL,76698.3,76860.0,76213.1,76860.0,SL,-161.7,161.7,-1.07
sensex,2026-06-30,09:56,15:01,BUY,76548.9,76376.2,77066.8,76376.2,SL,-172.7,172.7,-1.07
sensex,2026-07-09,09:58,10:01,SELL,76992.0,77127.1,76586.7,77127.1,SL,-135.1,135.1,-1.09
sensex,2026-07-09,10:14,10:41,SELL,77033.6,77168.7,76628.3,77168.7,SL,-135.1,135.1,-1.09
sensex,2026-07-13,10:39,12:13,SELL,77338.9,77464.3,76962.7,77464.3,SL,-125.4,125.4,-1.1
sensex,2026-07-15,09:39,12:56,SELL,77548.1,77683.2,77142.8,77142.8,TP,405.3,135.1,2.91
sensex,2026-07-17,09:56,10:18,SELL,77765.0,77900.1,77359.7,77900.1,SL,-135.1,135.1,-1.09
sensex,2026-07-17,10:43,12:20,SELL,77878.6,78013.7,77473.2,78013.7,SL,-135.1,135.1,-1.09
sensex,2026-07-20,09:54,12:48,BUY,77532.0,77382.6,77980.1,77382.6,SL,-149.4,149.4,-1.08
sensex,2026-07-22,10:02,10:26,BUY,76915.4,76758.6,77385.9,76758.6,SL,-156.8,156.8,-1.08
sensex,2026-08-05,10:41,12:23,BUY,78687.5,78540.9,79127.4,78540.9,SL,-146.6,146.6,-1.08
sensex,2026-08-12,10:32,10:58,BUY,77875.6,77732.9,78303.7,77732.9,SL,-142.7,142.7,-1.08
sensex,2026-08-13,10:38,15:15,BUY,77747.5,77604.8,78175.6,77861.5,time,114.0,142.7,0.71
sensex,2026-09-15,09:43,09:48,BUY,75044.6,74927.9,75394.7,74927.9,SL,-116.7,116.7,-1.1
sensex,2026-09-15,10:11,10:30,BUY,74812.0,74695.3,75162.1,74695.3,SL,-116.7,116.7,-1.1
sensex,2026-09-17,10:17,12:22,SELL,74526.1,74648.6,74158.6,74648.6,SL,-122.5,122.5,-1.1
sensex,2026-09-28,09:58,10:17,BUY,73066.3,72940.1,73444.8,72940.1,SL,-126.2,126.2,-1.1
sensex,2026-09-29,10:25,11:30,BUY,72158.5,72031.5,72539.5,72539.5,TP,381.0,127.0,2.91
sensex,2026-09-30,10:30,12:38,SELL,72841.4,72968.3,72460.4,72968.3,SL,-127.0,127.0,-1.09
