day,side,zone,opened,closed,idx_entry,idx_stop,idx_target,idx_exit,reason,idx_R,strike,opt_entry,opt_exit,opt_risk,gross,net,net_R,fit_err
2026-07-13,PE,PDL,10:55,11:05,24117.2,24147.2,24044.0,24147.2,stop,-1.0,24200,146.4,127.6,17.8,-1223,-1418,-1.23,0.41
2026-07-14,CE,ORL,10:25,12:15,24076.2,24047.4,24156.4,24076.2,breakeven,0.0,23950,142.6,129.0,22.5,-884,-1079,-0.74,0.19
2026-07-14,CE,ORL,13:45,14:45,24056.4,24038.2,24156.4,24038.2,stop,-1.0,23900,156.7,138.3,18.3,-1200,-1395,-1.17,0.16
2026-07-15,PE,ORH,10:30,11:25,24203.3,24218.7,24156.4,24203.3,breakeven,0.0,24200,175.1,174.6,7.1,-33,-228,-0.49,0.28
2026-07-15,PE,PDH,12:50,12:55,24146.1,24163.7,24074.8,24074.8,target,4.03,24150,176.9,213.1,8.3,2354,2159,3.99,0.33
2026-07-15,CE,ORL/prev last-hour high,14:00,15:10,24081.3,24048.1,24156.4,24077.8,square-off,-0.11,24100,174.1,183.2,16.4,590,395,0.37,0.23
2026-07-16,CE,ORL,10:45,10:55,24127.8,24112.2,24166.8,24166.8,target,2.52,24100,154.3,178.6,8.6,1576,1381,2.48,0.42
2026-07-16,CE,ORH,11:00,11:15,24170.7,24151.1,24220.1,24151.1,stop,-1.0,24150,152.8,144.4,10.6,-546,-741,-1.08,0.46
2026-07-17,CE,ORH,09:40,13:50,24226.1,24202.1,24298.2,24226.1,breakeven,0.0,24150,153.7,120.4,15.1,-2164,-2359,-2.4,0.2
2026-07-20,CE,ORL,09:55,11:50,24180.2,24161.1,24241.8,24180.2,breakeven,0.0,24100,150.9,124.2,11.8,-1739,-1934,-2.52,0.26
2026-07-20,PE,ORL,12:40,12:50,24162.4,24180.2,24100.9,24162.4,breakeven,0.0,24250,139.6,138.6,11.1,-60,-255,-0.35,0.25
2026-07-20,CE,ORH,14:05,14:15,24263.9,24247.2,24343.7,24247.2,stop,-1.0,24150,150.9,138.8,11.9,-789,-984,-1.27,0.24
2026-07-21,PE,ORL,10:25,11:00,24187.2,24209.9,24136.2,24187.2,breakeven,0.0,24300,130.1,131.5,17.2,91,-104,-0.09,0.13
2026-07-22,PE,ORL,10:15,10:55,24029.8,24053.1,23960.1,24029.8,breakeven,0.0,24050,185.5,185.1,11.2,-24,-219,-0.3,0.24
2026-07-22,CE,ORL,11:35,11:35,24049.9,24037.2,24135.9,24037.2,stop,-1.0,24050,160.7,154.0,6.7,-435,-630,-1.45,0.23
2026-07-23,PE,ORH,11:30,12:00,23943.2,23957.6,23876.8,23957.6,stop,-1.0,24000,153.4,150.2,7.6,-211,-406,-0.82,0.22
2026-07-23,PE,ORH,12:05,12:40,23943.7,23965.3,23876.8,23876.8,target,3.1,24000,158.3,201.7,11.4,2822,2627,3.56,0.22
2026-07-23,PE,ORL,12:45,13:35,23854.2,23889.1,23749.4,23854.2,breakeven,0.0,23900,157.9,165.1,17.7,465,270,0.24,0.44
2026-07-24,PE,ORL,09:50,10:35,23640.9,23665.6,23567.0,23640.9,breakeven,0.0,23750,159.2,164.7,15.2,360,165,0.17,0.46
2026-07-24,CE,ORL,11:20,12:25,23656.1,23621.6,23762.8,23762.8,target,3.1,23650,162.7,223.9,17.5,3977,3782,3.32,0.28
2026-07-27,CE,ORH,11:45,11:45,23969.9,23958.4,24004.4,23958.4,stop,-1.0,23850,157.6,149.3,8.3,-541,-736,-1.36,0.17
2026-07-27,PE,ORH,11:50,11:55,23951.7,23971.3,23897.2,23971.3,stop,-1.0,24100,156.3,139.6,16.1,-1083,-1278,-1.22,0.1
2026-07-28,CE,PDC/PDH/prev last-hour high,11:40,11:50,24011.7,23998.9,24039.8,24011.7,breakeven,0.0,23850,162.5,162.4,12.5,-8,-203,-0.25,0.15
2026-07-28,PE,PDC/PDH/prev last-hour high,13:00,13:15,24002.9,24018.9,23969.9,23969.9,target,2.06,24100,131.8,155.4,11.0,1533,1338,1.88,0.2
2026-07-29,CE,ORH,09:40,09:55,24211.8,24184.9,24292.2,24184.9,stop,-1.0,24200,149.6,137.8,14.2,-767,-962,-1.04,0.57
2026-07-29,CE,ORH,10:05,14:15,24208.0,24185.3,24276.1,24276.1,target,3.0,24200,151.6,229.5,12.0,5067,4872,6.25,0.57
2026-07-30,PE,ORH/PDH/prev last-hour high,13:50,13:50,24278.9,24290.6,24242.0,24290.6,stop,-1.0,24300,157.0,151.2,5.8,-374,-569,-1.52,0.37
2026-07-30,CE,ORH/PDH/prev last-hour high,13:55,14:05,24297.4,24271.3,24375.9,24271.3,stop,-1.0,24200,144.6,124.3,18.9,-1320,-1515,-1.23,0.48
2026-07-31,CE,ORH,12:15,14:30,24383.5,24364.8,24439.6,24383.5,breakeven,0.0,24300,138.2,121.5,12.7,-1086,-1281,-1.55,0.32
2026-08-03,CE,ORH,10:15,10:35,24582.7,24562.8,24642.2,24562.8,stop,-1.0,24450,147.3,129.5,16.6,-1160,-1355,-1.25,1.09
2026-08-04,CE,ORL,09:40,10:20,24607.2,24588.8,24666.7,24607.2,breakeven,0.0,24450,158.5,164.0,18.1,360,165,0.14,0.11
2026-08-04,PE,ORL,11:25,11:40,24584.5,24596.4,24554.2,24554.2,target,2.54,24750,166.5,195.8,11.4,1907,1712,2.32,0.11
2026-08-04,PE,PDL,12:10,13:55,24503.1,24525.1,24437.1,24437.1,target,3.0,24650,147.1,212.9,21.2,4281,4086,2.96,0.04
2026-08-05,CE,ORL/PDC/prev last-hour high,09:40,09:50,24623.6,24603.9,24667.9,24603.9,stop,-1.0,24600,158.5,149.4,10.8,-595,-790,-1.13,0.54
2026-08-05,CE,ORL/PDC/prev last-hour high,10:55,11:10,24620.6,24603.3,24667.9,24620.6,breakeven,0.0,24600,169.0,171.4,9.4,158,-37,-0.06,0.54
2026-08-05,PE,ORL/PDC/prev last-hour high,11:30,15:10,24607.0,24622.2,24432.2,24572.2,square-off,2.29,24650,160.1,214.3,7.7,3523,3328,6.65,0.26
2026-08-06,CE,PDH,11:25,11:30,24671.2,24662.8,24696.1,24662.8,stop,-1.0,24650,159.7,155.9,4.5,-247,-442,-1.5,0.24
2026-08-07,PE,ORL,14:30,14:30,24531.9,24548.1,24483.5,24548.1,stop,-1.0,24550,147.7,139.8,7.9,-515,-710,-1.38,0.67
2026-08-11,PE,ORL,09:40,10:00,24479.9,24498.6,24423.8,24486.4,breakeven,-0.35,24650,173.5,166.3,17.0,-466,-661,-0.6,0.18
2026-08-12,PE,ORL,10:40,10:55,24382.3,24396.9,24338.4,24338.4,target,3.0,24400,137.8,162.8,7.0,1627,1432,3.13,0.62
2026-08-13,CE,ORL,09:40,10:25,24343.0,24321.6,24434.2,24321.6,stop,-1.0,24300,154.8,149.1,12.3,-370,-565,-0.71,0.27
2026-08-13,PE,ORL,10:30,10:45,24317.2,24333.6,24270.7,24333.6,stop,-1.0,24400,138.1,126.3,9.5,-773,-968,-1.57,0.81
2026-08-14,PE,ORL/PDL,09:30,09:30,24306.2,24327.1,24243.6,24327.1,stop,-1.0,24400,145.6,133.1,12.5,-813,-1008,-1.24,0.57
2026-08-17,PE,ORL,10:15,12:15,24276.4,24293.4,24225.4,24276.4,breakeven,0.0,24450,173.6,173.6,17.0,0,-195,-0.18,0.34
2026-08-17,CE,PDL,12:45,15:10,24307.8,24294.6,24361.0,24341.9,square-off,2.6,24200,165.0,210.8,8.8,2976,2781,4.88,0.31
2026-08-18,CE,PDL,10:35,10:40,24232.3,24224.4,24269.5,24224.4,stop,-1.0,24100,152.2,144.9,6.2,-475,-670,-1.66,0.56
2026-08-18,PE,PDL,10:45,11:05,24209.1,24228.3,24151.3,24209.1,breakeven,0.0,24350,175.8,183.0,13.9,468,273,0.3,0.11
2026-08-18,PE,ORL,12:15,13:15,24207.1,24221.8,24163.0,24207.1,breakeven,0.0,24300,148.9,153.9,9.4,328,133,0.22,0.24
2026-08-19,PE,ORL,09:35,09:50,24070.9,24100.0,23983.6,24100.0,stop,-1.0,24150,151.4,132.8,16.0,-1209,-1404,-1.35,0.47
2026-08-19,PE,ORL,10:15,11:05,24084.2,24099.6,24037.9,24037.9,target,3.0,24150,137.1,155.9,8.4,1222,1027,1.89,0.47
2026-08-20,CE,ORH,12:50,15:05,24248.3,24215.1,24348.1,24215.1,stop,-1.0,24250,157.2,159.5,16.8,151,-44,-0.04,0.34
2026-08-21,PE,PDC,13:50,13:55,24228.7,24238.9,24208.1,24238.9,stop,-1.0,24400,171.3,161.1,10.3,-669,-864,-1.29,0.2
2026-08-24,CE,ORL/PDH,10:35,10:45,24283.3,24274.1,24312.8,24274.1,stop,-1.0,24200,155.0,148.2,5.8,-445,-640,-1.69,0.42
2026-08-25,PE,ORL,10:25,10:40,24118.5,24137.7,24061.0,24137.7,stop,-1.0,24250,134.6,118.7,17.1,-1032,-1227,-1.1,0.14
2026-08-25,CE,PDL/prev last-hour low,11:15,12:55,24148.7,24132.4,24198.1,24148.7,breakeven,0.0,24000,166.5,158.5,13.0,-515,-710,-0.84,0.01
2026-08-25,PE,ORL,13:25,13:30,24123.2,24133.7,24091.5,24133.7,stop,-1.0,24250,136.8,127.8,8.8,-584,-779,-1.36,0.14
2026-08-26,CE,ORH,09:45,10:00,24376.7,24354.7,24442.8,24354.7,stop,-1.0,24350,159.6,149.9,12.2,-633,-828,-1.05,0.53
2026-08-27,CE,ORL/PDL/PDC/prev last-hour low,09:35,10:00,24212.7,24187.8,24297.0,24187.8,stop,-1.0,24200,136.4,126.8,13.2,-620,-815,-0.95,0.48
2026-08-28,CE,ORH/prev last-hour high,10:15,10:20,24168.8,24149.7,24296.9,24166.6,breakeven,-0.12,24100,159.8,159.0,11.7,-51,-246,-0.32,0.23
2026-08-28,PE,ORH/prev last-hour high,10:35,11:10,24159.2,24172.2,24107.1,24159.2,breakeven,0.0,24300,140.8,140.8,13.1,0,-195,-0.23,0.18
2026-08-28,PE,ORH/prev last-hour high,11:20,11:30,24146.8,24164.4,24107.1,24107.1,target,2.26,24300,153.2,192.9,17.6,2584,2389,2.09,0.18
2026-08-31,PE,ORL,09:45,11:35,24023.4,24051.5,23939.1,24023.4,breakeven,0.0,24150,138.2,143.0,21.6,312,117,0.08,0.46
2026-08-31,PE,ORL,14:05,14:40,24030.9,24051.7,23968.5,24051.7,stop,-1.0,24150,143.6,130.1,14.9,-875,-1070,-1.1,0.46
2026-09-01,CE,PDH,12:10,12:10,24129.7,24120.9,24155.8,24120.9,stop,-1.0,24050,128.6,123.0,5.6,-365,-560,-1.53,0.28
2026-09-01,PE,ORH/PDC,13:10,13:40,24069.7,24086.2,24024.2,24024.2,target,2.75,24200,130.3,175.8,16.3,2954,2759,2.61,0.08
2026-09-01,PE,PDL,14:05,15:10,23976.2,24002.8,23896.2,23984.4,square-off,-0.31,24150,174.4,165.6,25.7,-574,-769,-0.46,0.1
2026-09-02,CE,ORH,10:30,10:35,23884.1,23870.9,23952.6,23870.9,stop,-1.0,23900,141.1,135.3,6.6,-380,-575,-1.33,0.56
2026-09-02,PE,ORH,10:40,12:40,23860.9,23883.4,23788.1,23860.9,breakeven,0.0,23900,145.9,165.1,11.3,1249,1054,1.44,0.57
2026-09-02,PE,ORH,14:25,14:25,23872.0,23886.6,23788.1,23886.6,stop,-1.0,23850,151.8,145.3,6.5,-425,-620,-1.46,0.59
2026-09-03,PE,ORL,11:05,11:20,23951.4,23967.2,23914.4,23951.4,breakeven,0.0,24000,151.5,146.8,8.2,-306,-501,-0.94,0.34
2026-09-03,CE,ORL,11:30,11:55,23967.6,23948.2,24018.8,23948.2,stop,-1.0,23900,148.3,143.4,12.2,-323,-518,-0.66,0.53
2026-09-03,PE,PDH/PDC/prev last-hour high,13:25,13:30,23909.7,23933.3,23851.9,23933.3,stop,-1.0,24050,149.7,132.1,17.0,-1146,-1341,-1.22,0.34
2026-09-04,CE,prev last-hour high,09:55,12:10,23948.6,23924.2,24022.8,23948.6,breakeven,0.0,23900,143.9,160.4,14.1,1072,877,0.96,0.25
2026-09-04,CE,ORH,14:30,14:35,23962.1,23946.2,24022.8,23946.2,stop,-1.0,23950,157.3,149.5,8.4,-505,-700,-1.29,0.38
2026-09-07,PE,ORL,09:55,12:30,23814.0,23834.3,23753.1,23753.1,target,3.0,23950,142.1,196.9,16.7,3561,3366,3.11,0.25
2026-09-08,PE,ORL,10:00,10:05,23663.8,23680.6,23613.6,23680.6,stop,-1.0,23800,165.4,155.6,12.3,-633,-828,-1.04,0.16
2026-09-08,CE,ORL,11:40,11:45,23675.5,23665.8,23738.1,23665.8,stop,-1.0,23550,128.7,119.4,9.0,-608,-803,-1.37,1.29
2026-09-09,PE,ORL,10:10,10:10,23467.4,23482.3,23422.6,23482.3,stop,-1.0,23550,145.0,136.5,8.5,-553,-748,-1.35,0.83
2026-09-09,PE,ORH,10:35,10:45,23524.5,23546.4,23478.9,23524.5,breakeven,0.0,23600,137.0,135.4,12.2,-107,-302,-0.38,0.6
2026-09-09,CE,ORH,11:00,11:15,23538.2,23522.9,23631.6,23522.9,stop,-1.0,23550,145.5,140.1,7.7,-352,-547,-1.09,0.56
2026-09-10,CE,PDL/PDC/prev last-hour low,09:50,10:00,23438.3,23420.7,23489.7,23420.7,stop,-1.0,23400,148.6,140.0,10.1,-563,-758,-1.16,0.59
2026-09-10,CE,PDL/PDC/prev last-hour low,10:40,10:45,23438.1,23425.1,23489.7,23425.1,stop,-1.0,23400,155.3,148.7,7.4,-434,-629,-1.31,0.59
2026-09-11,CE,ORH,10:05,10:25,23275.8,23256.3,23380.7,23275.8,breakeven,0.0,23200,158.6,160.9,12.2,150,-45,-0.06,0.16
2026-09-15,PE,PDH/prev last-hour high/ORL,09:45,09:55,23445.2,23467.4,23398.1,23398.1,target,2.12,23550,131.5,166.3,15.7,2262,2067,2.03,0.28
2026-09-15,PE,prev last-hour low,10:10,10:10,23371.6,23394.3,23232.2,23394.3,stop,-1.0,23400,139.2,127.4,11.8,-768,-963,-1.25,0.23
2026-09-15,PE,prev last-hour low,10:30,11:00,23360.2,23385.7,23232.2,23360.2,breakeven,0.0,23500,142.0,140.7,23.1,-82,-277,-0.18,0.45
2026-09-17,CE,PDH,10:05,10:15,23298.2,23278.8,23356.4,23298.2,breakeven,0.0,23250,155.7,157.0,11.3,88,-107,-0.15,0.43
2026-09-17,CE,PDH,11:55,13:25,23295.2,23270.2,23369.9,23295.2,breakeven,0.0,23300,141.5,153.8,12.6,796,601,0.73,0.51
2026-09-18,CE,prev last-hour high,10:30,10:40,23315.2,23298.8,23361.3,23298.8,stop,-1.0,23250,136.1,124.4,10.3,-761,-956,-1.42,0.37
2026-09-18,CE,prev last-hour high,12:25,12:55,23321.8,23304.9,23361.3,23321.8,breakeven,0.0,23200,161.9,158.8,12.8,-204,-399,-0.48,0.29
2026-09-18,CE,ORH/PDH,14:30,15:00,23367.4,23349.9,23419.9,23367.4,breakeven,0.0,23250,146.2,143.6,14.2,-169,-364,-0.4,0.37
2026-09-21,CE,PDH/prev last-hour high,09:30,10:10,23403.9,23374.2,23493.0,23374.2,stop,-1.0,23300,147.4,126.3,20.1,-1368,-1563,-1.19,0.14
2026-09-21,CE,ORH,11:55,15:10,23417.8,23396.8,23481.1,23428.9,square-off,0.52,23300,154.2,158.3,15.1,266,71,0.07,0.14
2026-09-22,PE,prev last-hour low/ORL/PDC,10:35,13:50,23413.2,23440.8,23317.2,23317.2,target,3.49,23550,162.0,248.8,20.3,5644,5449,4.12,0.07
2026-09-23,PE,prev last-hour high,09:25,10:15,23388.2,23414.9,23329.0,23388.2,breakeven,0.0,23450,143.6,151.4,14.1,508,313,0.34,0.72
2026-09-24,CE,ORL,10:35,11:30,23231.7,23208.8,23280.6,23208.8,stop,-1.0,23200,149.8,144.7,12.6,-332,-527,-0.64,0.48
2026-09-25,CE,PDC,11:00,12:00,23069.3,23059.3,23117.9,23069.3,breakeven,0.0,23050,166.0,165.2,5.3,-53,-248,-0.72,0.39
2026-09-25,PE,ORL,13:35,13:40,23029.3,23043.3,22987.3,23043.3,stop,-1.0,23100,160.5,153.3,7.8,-467,-662,-1.31,1.03
2026-09-25,CE,PDC,14:00,14:00,23064.7,23043.8,23117.9,23117.9,target,2.54,23050,161.1,191.1,11.0,1952,1757,2.46,0.39
2026-09-28,PE,ORL,09:35,11:15,22888.3,22913.1,22813.9,22813.9,target,3.0,23000,142.3,190.5,17.0,3132,2937,2.66,0.17
2026-09-29,PE,ORL,09:35,09:40,22610.1,22639.1,22523.1,22610.1,breakeven,0.0,22750,155.1,155.5,22.8,22,-173,-0.12,0.04
2026-09-30,CE,PDH,10:15,10:30,22756.8,22737.6,22814.3,22737.6,stop,-1.0,22750,143.5,135.6,10.1,-513,-708,-1.07,0.49
2026-09-30,PE,PDC/prev last-hour high,11:10,11:25,22706.2,22725.3,22660.6,22706.2,breakeven,0.0,22750,146.7,148.9,9.7,147,-48,-0.08,0.39
2026-09-30,CE,PDH,12:35,13:35,22770.1,22745.5,22843.9,22770.1,breakeven,0.0,22750,171.4,180.2,13.2,569,374,0.44,0.49
2026-10-01,PE,ORH/PDL/prev last-hour low,10:10,10:30,22581.8,22611.6,22508.3,22581.8,breakeven,0.0,22600,145.3,139.3,14.3,-384,-579,-0.62,0.25
2026-10-01,PE,ORL,12:20,12:45,22498.3,22530.3,22402.3,22402.3,target,3.0,22550,149.8,209.8,16.5,3901,3706,3.45,0.32
